ID	tweet	label
pcm_train_00001	yeah ‍️the guy wants to trend dat was why e join nysc e cant trend with good music again	negative
pcm_train_00002	this life is so funny sef you will work hard and buy cloths and shoes and rain will start dictating when to wear them for you because you see rain to wear white na war to wear suede na wahala shoe wey i take my money buy	negative
pcm_train_00003	dis is unfair of urcompany goingtowks nw ive bin complaining abt d subscriptioni did wch did nt reflect on mydecoder nd im givin u an ultimatum else u willbsurprised my next reactnim makin dis publicly nw ive chatted u privately showing evidence of payment	negative
pcm_train_00004	lil wayne don vex me im actually not excited again	negative
pcm_train_00005	dis is unfair of ur company going to wks nw ive bin complaining abt d subscriptioni did wch did nt reflect on mydecoder nd im givin u an ultimatumelse u will surprise my next reactnim makin dis publicly nw ive chatted u privately showing evidence of payment	negative
pcm_train_00006	e be like u sef dey mad	negative
pcm_train_00007	sure parole with dem boys dey mainland like this but no be me dem go use trend tomorrow these lagos police officers are unruly	negative
pcm_train_00008	daddy mi o if a day is possible sef we go come dey chop chips and gala like if we walk too far from departure we go miss flight	negative
pcm_train_00009	today marks one small milestone in the beautiful journey of lifei believe dat im the equivalent to a fine wine or a delicious cheesed older the better im trilled to be another year today i create within me a vacuum that no one can and will ever fill except god	negative
pcm_train_00010	family dey call ooif no be billing na something dey sup oo real st come and drop your wetin my eyes don see vibe on this guy track abeg worldbest na skylevel only ️	negative
pcm_train_00011	sweater god e don dey be like my supervisor disturbing me for project	negative
pcm_train_00012	chews loudly because i cant stand snoring its one of my greatest fear in marriage marry wife finish she con dey snore omo na to return the wife	negative
pcm_train_00013	if by tomorrow i cannot make transactions with my account ill be done with yall and thats on period i know the money wey dey there na small thing butmake e work well napeople cannot even help my lifewhats this one na	negative
pcm_train_00014	like where i wan dey see k monthly where i dey work	negative
pcm_train_00015	yess ooo be like e don cancel trip sef sigh	negative
pcm_train_00016	person wey i wan shoot shot to don egbonzone me again ooo	negative
pcm_train_00017	you see those ones wey dey change paper to money i no dey believe say dem dey exist until d day dem run me pure street since last year sept i still dey think about my k till today na k these bastards use to cover d perfectly cut cartons wey be like real money ot of life	negative
pcm_train_00018	na the witchcraft part omo e just dawn on me say true dem don turn black witches o	negative
pcm_train_00019	this ramadan im reporting plenty people to god una don too do me strong thing	negative
pcm_train_00020	you see why sticking to what youre familiar with is the best when making food choices just had the trashiest creamy chicken sauce with basmati rice and i dont know how to feel well maybe not trashy its just not something im used to i no dey chop pass rice and stew	negative
pcm_train_00021	please i find it difficult to understand this space ehnneveryday every new morning different thingsee ehnn i know say luno own na savings una help me do see if una touch wálai i go cry my tired i seriously exhausted	negative
pcm_train_00022	abeg please wetin dey happen i havent eaten since morning because of you people and im not owing oooo	negative
pcm_train_00023	futo babes ‍️ you sha not misbehave with dem cause dem dey burst bottle	negative
pcm_train_00024	she ws floggin me dat very day d beatin ws so much dat i try fight back nd dis man came rm nowhere omg i almost die dat daydat my head wey no correct full of koko nd my mom was there watching dat ws d last day she floggin me always sha obt i see hell return dat day	negative
pcm_train_00025	went to see mortal kombat at imax lekki e be like say subzero dey the cinema hall the main cold wey wan finish us ehn	negative
pcm_train_00026	guy i told this man my surname e shout e say taaa you get money na say my papa even grandpa made money alaye im jobless you wan make i dey buy beer every day gon meet my grandpa	negative
pcm_train_00027	i subscribe gb una no go allow am last now again una dey use una network they test my patience atleast lemme enjoy the network now even if i wont enjoy my data	negative
pcm_train_00028	a letter to my ex dear miss amaka you been tell me say ikechukwu na your brother all those years only for you to invite me come wedding come see you dey marry the same ikechukwu my chest still dey pain me till today for my leg and my abdomen region	negative
pcm_train_00029	e con be like say i no even dey do anything	negative
pcm_train_00030	no light heat come dey againand our forever tenantmosquitoes dey also do their job which kind wahala be this	negative
pcm_train_00031	fine girl = wahala and wahala no dey finish so dem dey fear us	negative
pcm_train_00032	make pple d dey very careful wit diz end of month oo month don end month don end ehhenn who tell u say month end nah pay day some pple month nah dayz abeg make una take am easy wit pple oo diz monin i hear wife dey corey wit husband ontop breakfast money	negative
pcm_train_00033	lmao hin no dey see zero na e dey see	negative
pcm_train_00034	boss bless me tonight abeg even if na any amount hungry wan finish me for where ahde	negative
pcm_train_00035	forex trading be like baba don put hand for head alot of persons make the mistake of opening multiple running trades abeg how you wan manage them without running mad	negative
pcm_train_00036	wahala be like nigeria e dey paint pesin black	negative
pcm_train_00037	where una dey see this money to chop four eggs eh this noodles looks terrible tho	negative
pcm_train_00038	if i dey play ball i dey avoid these kind people i no dey bother my sef to go mack them theyll just use you and shine	negative
pcm_train_00039	be like i came to church very early o sermon no wan end and my stomach don dey para	negative
pcm_train_00040	wahala be like bicycle ooooo kuje rain don commot person roof breeze carry roof hit person windshield spoil d person gate breeze lift roof again to spoil another person house god abeg they still dey commot money for this house	negative
pcm_train_00041	im in tears guys see how my customer is rocking her bag she made me so happy with this picture e choke abi e no choke lagos nigeria	negative
pcm_train_00042	im in tears guys see how my customer rocked her bag she made me so happy with this picture e choke abi e no choke ikeja	negative
pcm_train_00043	this work of is going to cost me more hours to complete and im not giving up not now or never ️ so many legends dey but im just trying to be another one please kindly retweet for a bother na	negative
pcm_train_00044	done turn rich friend oooooo abeg where una dey see this money	negative
pcm_train_00045	gaskiya na sha wahala na bils they call me attention seeker e choke	negative
pcm_train_00046	where una dey find this love abeg if you help me see	negative
pcm_train_00047	e dey do me like make friday just come im tired of here already	negative
pcm_train_00048	stop tell me i forget you pls that have to stop remember when you dey suffer i know come help you and u know call me enjoyment come ur side my phone no ring oh now d table don turn i don become ur enemy life	negative
pcm_train_00049	if you go to that party behind metheyll not give you rice chop and if them give you rice meat know go dey on top ami hate rubbish‍️now im just home alone looking like person wey lost her way to naija abeg who get party for there area lemme turn up please	negative
pcm_train_00050	dis boys av dual citizenshipno properties nor businesses in nigeria bt ar makin d loudest noises and ar causin problem in d country dey can leave d country anytime dey set it ablaze wt d help of sentimental apologists dey av turned some of our youths zombies wt no brains	negative
pcm_train_00051	am ur biggest fan person blow me for mouth coz of you we dey argue u and olamide who get vibes pass i argue they tell dem sey na get vibes pass before u no wetin dey happen wey don dey argue i no know wen i call the boy bastard out of anger the guy blow me	negative
pcm_train_00052	how far after the online bashing na this way una go una dey hawk our jersey like this cc	negative
pcm_train_00053	this modric goal was one real madrid goal i didnt celebrate dem just ruin handicap wey everything don set	negative
pcm_train_00054	the kind body heating wey dis geh gimme for bus now ehn unto say i look like snow white shey na my fault	negative
pcm_train_00055	one hour before you enter abuja you for don dey see good roads na where the madness of all the drivers on the road they start be that come and see speeding all im hearing is voom voom voom left and right	negative
pcm_train_00056	na so i call them for house say i don reach school ooo them come give me another bad news say i forget my meat as i dey pack my stuff meat wey i do walaha fry yesterday afternoon as i dey now ehn i no fit think because this cold sef don enter my brain	negative
pcm_train_00057	the rice wey i cook this morning no follow at all be like something dem wan give bingo	negative
pcm_train_00058	in this life bros fear women same best friend dey here dey chop her friend man buh my babe friends dey do strong head	negative
pcm_train_00059	make me regret not moving you as i was moving to take my place as a marlian oh now see you seeing heaven and i gotta wait till weekend when im less busy when before na one dm wey sound like bro are you back real inside life	negative
pcm_train_00060	na wetin de pain me for justice be that the crime don kill one person	negative
pcm_train_00061	i just no wan curse people doing this face and account thing why you dey give pesin hbp like this	negative
pcm_train_00062	na all this kind play dey make my future husband dey run im single lets be guided please	negative
pcm_train_00063	small change i lock somewhere for detty december e be like every go dey dia problem done plenty pass money make i face am head o	negative
pcm_train_00064	oh wow me wey dey look out for you na me fuck up please give sọpe back the account	negative
pcm_train_00065	fresh kehabi opportunity to fornicateactivity dey wey baba go do wey go make baba forget about meim not playing rough play naira	negative
pcm_train_00066	that imeko video get as e be for my body sha small time dem go dey rubbish cele	negative
pcm_train_00067	now now wey i renew my sub netflix don sharply collect gb i no dey do again abeg this sub must follow me enter next year ijn	negative
pcm_train_00068	lol kilode now i dey my dey please dey your dey oo	negative
pcm_train_00069	zaddy abeg make me happy have been burning fuel for like a month straight no power supply transformer don jappai don dey red o	negative
pcm_train_00070	e go kan marry wey e mind suppose dey at peace kan dey pay debt ‍️	negative
pcm_train_00071	im not going outside until the temperature is above my age kd is so freaking cold the wind sef be like say na angels dey blow am	negative
pcm_train_00072	we got home and mumcy was asking what was wrong iya sha lemme alone ó with cattagh coming outta my brain im going to bed ahan its just past mumcy said wont u drop the drink in the fridge she continued ehn drop wetin na my pillow be this now o sha leeme alone	negative
pcm_train_00073	this adult life eh nobody dey do christmas for person again like person no fit dash person money sef chai	negative
pcm_train_00074	shebi na zanku wey i never perfect na im these hens are doing anyhow	negative
pcm_train_00075	wetin these ones dey talk like this where me con stand	negative
pcm_train_00076	the alcohol ive consumed in recent time though the crazy thing is e don be like water for my body i no dey high	negative
pcm_train_00077	me trying to make people recite the alphabets with me without actually telling them to me a them me c them what me e them you good bruv me g them snap out of it me i them total silence e de pain me nau plis	negative
pcm_train_00078	wetin be this wan naa hahaha sylvyyy this wan off me	negative
pcm_train_00079	every single time wey man united get chance to climb up the table and boost top four hopes dem go mess up na wetin happen last season when we think say ole go make top four e blow am e don start again	negative
pcm_train_00080	na we dey kill ourselves for this nigeria how tf will you use rope to hold your goddamm engine interstate car o where person wan see motor like this time to get a ride	negative
pcm_train_00081	i hate it when i say something meaningful and pesin comment rubbish me no better thing dey to chop for this kitchen pesin chop bread bread na better thing iffah reason you	negative
pcm_train_00082	e be like say na me dem cut off	negative
pcm_train_00083	i don dey try find am for like decades now wetin dey occur gan gan	negative
pcm_train_00084	they say out wit old and in wit newbut im not letting go of good friends like uthank u for being an incredible frndtank u so much for affecting my life positively this year n the past yearsgod bless and be wit you allu r loved by me	negative
pcm_train_00085	n e w d e c a d e happy pals abuja nigeria	negative
pcm_train_00086	na you wey go tell mayor congratulations hin call me to laugh about congratulations on what	negative
pcm_train_00087	you are asking me how thing do you even know how i feel im madly in love with you i just hope you can see but na lie u go dey reason matter instead of you to come let me be you kids father	negative
pcm_train_00088	lol o dey out dey work kpa don enter account brother go sleep cover ya head with duvet	negative
pcm_train_00089	my boss is a definition of pepper them jezzzz you dont want to know what he just did for me mehn im so happy rn please help me to thank him im forever grateful dont worry fam una days go still soft	negative
pcm_train_00090	wow i just posted that pic saying no girl on your list can send you k now before i know it alert don enter vtu don land and one is angry with me cause i refuse to give her my acct details had to delete it im so emotional right now i feel loved i appreciate yall	negative
pcm_train_00091	my dear that one sef dey im taking myself for facials as my gift because that towel isnt touching my skin	negative
pcm_train_00092	i just dey chop dey drink good lord	negative
pcm_train_00093	if you love rap song go and listen to ft eriggaraw dey burst my head abeg every verse is raw even the fly gangsta album na raw unrefined	negative
pcm_train_00094	yeah i just checked and i see u make burger trust me im not a beggar but my love for dis picture is bigger baby i want u to love me deeper ️or do u know tina yeah dat girl been dey disturb be wella but i no dey reason her mattersweety joor shey mo ley av a taste i mean burger	negative
pcm_train_00095	coach shay you will enter and play the rest you just dey say calm down since and dem dey flog me	negative
pcm_train_00096	esther dey advise mercy make she no break up with ikeshe no no say na her coin cause fightmercy dey cry ooo inside life	negative
pcm_train_00097	my heart dey bleed the rest of the game better cut i don dey plan transfer lexus money	negative
pcm_train_00098	i still feel na cyndi win this thing jare seyi wey dey use side wake	negative
pcm_train_00099	if u like dey call everybody fool na urself u dey do we dey on our own oh no body ask u for money u just come scam us take our sleep	negative
pcm_train_00100	na person wey get woman fit chop that kind food	negative
pcm_train_00101	abeg help me beg maazi ighalo jude make e help my life o i dey suffer gan you too i no mind if you help me o gtbank adeyemi peter	negative
pcm_train_00102	i seriously do not knw the second minute hour day week month year i will win any of and give away dey don dey post notification since but twitter will only notify me when the give away has ended	negative
pcm_train_00103	terrorists re perpetrating evils in broad day light dey walk freely wit it dey wax stronger evryday coz dey av access social amenities and evn amunitionsand we d law abiding and sane citizens re d preys yet our govts stil stand against us are we cursed	negative
pcm_train_00104	lol makes sense resale value for here na shey first body ni shey ac dey work cos the mechanic sef no reliable	negative
pcm_train_00105	wetin i do una wey una massacre broke man account like this k for sms charges on account i barely use im done with yall	negative
pcm_train_00106	managing as u are like dis dis lifeits like some of us just escorted some to dis world	negative
pcm_train_00107	chai i made dis kind of post when i came on dis app o fine girl made similar post and in d same month she joined she already has more followers than me now dis is gender inequality	negative
pcm_train_00108	person don dupe me oo with your exact name for twitter oo na scam oo fake account for that matter bro i just waste money for nothing oo make una help me oo you report that account na scam check it out the idiot don even block me	negative
pcm_train_00109	bros me sef won be like u ooo but all d ones wey dey shoot shot to me no get sense	negative
pcm_train_00110	oyaaaaaaaaaaaaaaa akure is just dry no shayo nothing nothing my people for lagos dey drink shots like dis for mall i dey here dey dullll	negative
pcm_train_00111	i wonder the kind wisdom wey dey the fish head wey these people dey sell am k k for fish head‍️ isi azu	negative
pcm_train_00112	biko i really dont care what part of earth you come from so kindly keep the rubbish ethnic jargon aside hungry no dey do vetting back to me talking like i have sense which im fully aware i dont ask dey know me well	negative
pcm_train_00113	lmaoooooo this is what i first thought no let your anger deceive you oh before pesin smash your wife beat you up ontop and you no go fit run cuz you don lock door local man will now start begging	negative
pcm_train_00114	as hin fine reach hin noh fit toast even girls wey noh reach hin level his ego sef	negative
pcm_train_00115	thinking about where this life is actually driving me go school we don finish learn work we don learn still everything just hard like say person no dey alive	negative
pcm_train_00116	mehn fuck this shit i need my beards to grow how many years now wetin be this rubbish now oya who can help me id pay abeg need some beard growth shit im not even joking	negative
pcm_train_00117	dear e jo e help me i had naira left in my account una still come comot naira for sms chargekilode im heartbroken	negative
pcm_train_00118	lmao na k people just dey use dey play like this so this life na pot of beans oh	negative
pcm_train_00119	i don dey beg him no gree hear just help me beg him its just d type of his dog i want	negative
pcm_train_00120	do i blame you no i sha dey road dey come kd all do na die plus make mouth again and see what ill do to you wicked somebody	negative
pcm_train_00121	me to vic bro i got over pages do be swift in before am morrow also today na sunday you know how e fit be vic no be you again night go reach you go slam music run am till morning na your way na guy na you me well sha	negative
pcm_train_00122	na love dey sweet you dey go so aunty chai we go love o	negative
pcm_train_00123	ive seen his hand evident in my life jesus loves me like no other im amazed i can be loved this much love wey dey humble pesin	negative
pcm_train_00124	haaaaa abeg o you see say i no mention hin name i no want wahala that guy fit injure person on top wenger matter	negative
pcm_train_00125	lol the one in my house is already doing dey dey dey make i dey my dey i am a bad influence	negative
pcm_train_00126	guys today a girl fine girl wey fine reach meal on a hungry eve gave me her iphone pro to help her hold it till she finish drinking water i wanted to run but na for motor park we de i no i go chop beating sotey i go wish i die	negative
pcm_train_00127	i sha know that babe and clique get bad omen for that socialiga day na why we no get along i thank god for my life to think that i wanted to offer one a lift in my uber maybe na me for dey do thread	negative
pcm_train_00128	stop following me na guy since primary school you no gree leave me kilode you and moyo i no even sabi who worse pass moyo still follow me go nysc camp	negative
pcm_train_00129	a whole bole to add onions she dey do finger like say na salt she dey put for rice	negative
pcm_train_00130	joe sef na ode lover boy ‍️ hard guy hard guy small sweet words baba don melt	negative
pcm_train_00131	wetin de burst my head right now ehn how ole take scam all of us like this na only naija boys fbi de see bah chai	negative
pcm_train_00132	lol noooo send me money all ur flexing money i nvr chop ur naira before na woman dey always chop am and dem dey defraud u on top	negative
pcm_train_00133	na over sabi dey kill monkey cooking basmati rice then decided to spice it up a lil i added cinnamon ginger thyme curry and pepper now its looking like brown rice	negative
pcm_train_00134	the only thing wey pain me for that mi and vector diss na say e call am lanre like say na him born am	negative
pcm_train_00135	they still opened gofundme account for tacha una dey don mad for this country ohh i was legit born in a wrong country	negative
pcm_train_00136	as twitter say i no fit follow back peopleagain now wetin dem gain ️	negative
pcm_train_00137	i d all this trend but e funny oh una don lost me sef i d try find myself	negative
pcm_train_00138	some opay drivers and too much talk sha so unprofessional we dey express wey trailer dey pass you are telling me about your ex that got pregnant the same time with your wife whats my own na trailer is coming ma pami	negative
pcm_train_00139	someone should just send me money please this school thing everything na him we dey pay ehn im not doing again o	negative
pcm_train_00140	boss i was fasting that day about to break fast before kickoff but i was like make i go watch my match before i get myself better thing to chop bro na after days i chop can testify	negative
pcm_train_00141	turning this into a thread so i can bless your eyes more ps im the fine boy in the fourth frame you need a t r a v e l p h o t o g r a p h e r bleep my dm	negative
pcm_train_00142	na work wey i go like chop be this	negative
pcm_train_00143	just look at me making mouth on this day ‍️ ase i was just doing myself babe wen i dey toast don dey collect better body massage on a reg she calls it sensual massage and even promised to pay for a session for me am die o	negative
pcm_train_00144	my bro you know this e be like say you sef chop am wella that year o	negative
pcm_train_00145	if you be wetin you for do i sha pray the guy does the right thing which is making sure those girls are properly dealt with with the law shae una wan drag	negative
pcm_train_00146	this go hard ooo albino go throw e neighbor pikin up but e no come see the pikin catch again we still de settle	negative
pcm_train_00147	this matter wey dey ground hmm don tire me oo over rating na keep person like this now the lawyer wey for settle this case still no see e wig ooo oya another lawyer biko i don tire na the matter we dey try settle oo judges and lawyers wia una dey	negative
pcm_train_00148	i laugh at you shit wont even fly in the home of the free not to talk of this country no go kill yourself say you dey do freedom fighter oh na only mourn dem go mourn you las las	negative
pcm_train_00149	last months have been d best moments of arsenal fans life until dey came back same arsenal same stories one advice for arsenal fans make sure ur d last arsenal fan in ur lineage make sure ur not going to put ur kids through dis again in dis lyf i use god beg u	negative
pcm_train_00150	omo my gender don dey reason how deh go clap their grandmother mate ontop this ps matters	negative
pcm_train_00151	the fact that abdullahi is a clown and he refuses to believe is the matter we don dey settle since last week i dey court like this	negative
pcm_train_00152	why you dey do like this nah this guyyou wey dey chill with buhari	negative
pcm_train_00153	at least you have one me strechmark no dey booty no dey hope gaan no dey too	negative
pcm_train_00154	i once went to salon for haircut so the lad was showing me beard growth cream or so said its k then i asked if i should apply now how many days before e go come e say months me after spending k na months before e come e no serious ion buy	negative
pcm_train_00155	wtf why that guy dey go mark them like that them no dey vex make for ball oo damn that was dirty	negative
pcm_train_00156	come and see cat wey chop pass your own but why do you guys shade mangu people na youre not being fair to us fa	negative
pcm_train_00157	we dey settle matter this afternoon naso jamiu drop crates of egg come chook face for matter jamiu don ready to go now na only one egg and naira hin see who wan help us settle this one‍️	negative
pcm_train_00158	omokehinde na hin you still dey panla like this only you chop am theres god o	negative
pcm_train_00159	all of you on this app are hypocrites all of una dey shout but una no go shout just negodu how dem dey rape arsenal fc behind closed doors please coman console me	negative
pcm_train_00160	wait people regard slimcase as a nigerian musician so any town crier that takes his shouting career to the internet and becomes popular is now termed a musician sadly na we dey cause all the shame wey these kain people dey give us una too hype them	negative
pcm_train_00161	i wan change am for am buh na public place sha ah e pain me and my guys dey another table dey laugh	negative
pcm_train_00162	seeee the thing no gree fine again and na so so emabinu ma i dey hear	negative
pcm_train_00163	guy wetin be this you look like your holding in shit wey wan drop	negative
pcm_train_00164	nothing enter people wey dem say dem go reach rd round at odds no pass first round person wey never lose under minutes in like years na one punch finish am hot tears	negative
pcm_train_00165	just to let you know that if that your regularrandom knacks fall in love or wants you and you dont want e fit be your burial unto say if i cant have you nobody can have you my people say if fowl no chop e go scatter	negative
pcm_train_00166	na for where we go settle matter naim person slap me for eye i no see who slap me me sef con slap the short man wey dey my side i no know say na soldier we don dey drive go barracks like this	negative
pcm_train_00167	fearless don start again my dm dey open na abi wetin dey happen ah never see anything	negative
pcm_train_00168	but e no go better for arsenal sha only them spoilt my beautifully cooked odds something k for don dey ready to sit for my acct now	negative
pcm_train_00169	babe head wey neva reach $ worth of btc sef we don de try settle matter since	negative
pcm_train_00170	another one don happen o wife talk say him husband no sabi do well naso neighbor wife talk say na lie na we want to start to dey settle for world bank like this	negative
pcm_train_00171	e don happen again oh somebody use fake alert take pay bride price since morning inlaw never see alert what a wicked world nah d matter we dey settle since morning	negative
pcm_train_00172	asin ehn e de pain you go see them use cake de passoya give me small cake make i chop them go say na for house people like say i no get house	negative
pcm_train_00173	happy democracy say to those who preactce and still believe in true democracy for my country because last last all this old men dey use our future abeg na how many future person dey get democracy	negative
pcm_train_00174	na only me dey department na me be head of unit and team member like say dem carve department for only me work wan kill me	negative
pcm_train_00175	na people like this go dey spoil our integrity out there small time now ugandans no go dey rate us again	negative
pcm_train_00176	my guy posted his mom picture and his friend commented o boy u self know this yeye woman she no dey like condom at all she fit drain person na the matter we dey here dey settle since	negative
pcm_train_00177	stop to dey thief person tweet without giving him credit shame no dey dey u	negative
pcm_train_00178	as my best friend tell me to buy am airtime na so i wan send am bastardwhy always me na so i send am to my boss wey give me order to escalate customer issue to engineer team the problem be say i never know who and how to settle it as my boss no talk anything	negative
pcm_train_00179	happy new month sef don turn sour‍️ this year get as e be	negative
pcm_train_00180	i went through my phone this morningi found this video omosolaa e bi like say you don dey do am no bi today i missed all house matemore blessing	negative
pcm_train_00181	this one i have just bin blessing people for the kinda tweets they tweeting today is really freaking me outgod abeg use this tweet to bless me for all the blessings i have bin blessing others oooo	negative
pcm_train_00182	good lord in heaven spare me bad energy and bad vibes ya allah help me i gats to use others bad situation as my prayer point so wetin dey shele to dem no go shele to me	negative
pcm_train_00183	relationship wey they lead to marriageabeg where e dey pass cos i dey junction like this	negative
pcm_train_00184	make i no lie you my dear deep down i like you ooo but im scared that im too good for you your reputation precedes you i dont want a stain on mine as well im a good guy but are you a good lady	negative
pcm_train_00185	shey una later tune in to banger already and e never drop oh big thanks to starbukky and paj king ara+ ️ im so grateful for the love cc adebukolakolapo pajofficial	negative
pcm_train_00186	i played straight from my heart for this taxify driver when the song finished he said abeg you fit play that your straight from my belle song again abeg i really feel that song	negative
pcm_train_00187	omo ive been on steady data subscription since the beginning of covid i need to applaud myself and add wire wire to my nameko easy rara thank you oo week subscription na days e dey last	negative
pcm_train_00188	oga make you rest when u bin leave me e be like say u just wan go downstairs but see where u end	negative
pcm_train_00189	fuck up i need una to go question dis and ask grammy y de posted this coz if na wizzy b dis we no go hear word for fc hand am so disappointed in fc like dis is what u guys has been thinking all this while fuck wizzy didnt liked bb congrats at all but we didnt act	negative
pcm_train_00190	lowkey we suppose sue that grammy award winning singletwearing short man you sef listen to this fire na dear na on sight if i ever catch you on why do you like hoarding music like its indomieeeennnnnnn why	negative
pcm_train_00191	na wa oo what if him break the man back how wahala wan take finish with things like this	negative
pcm_train_00192	imagine this weather for two abeg where una dey see love now	negative
pcm_train_00193	so fuel nw na per liter bicycle no de use fuel yet wahala be like bicycle wetin de occur	negative
pcm_train_00194	this guy in particular came over and refused to leave was just talking here and there made everyone uncomfortable i say na help i b wan help na so i enta one chance ‍️	negative
pcm_train_00195	the peak of negligence in eksu health center is alarming worst set of workers ive met my own experience sef dey its better we know theres no health center than people dying anyhow we don dey rest ontop matter	negative
pcm_train_00196	adam n eve una fvck up sha just a reminder this panties de pain joor bra sef na issue	negative
pcm_train_00197	ah con dey see am like say na only me racksterly dey fuck up since on th oooooooo ayyi its unfair na una costomer care no dey even answer person thats that worst part ️️️️️️️️️️️️️️️️️️️️️	negative
pcm_train_00198	and i no fit wake her to clean her up else i don enter one chance please what can i give baby to reduce the smell from her poop biko before e restrain my air flow o	negative
pcm_train_00199	omoooo no reason am like that oooo e get some customers wey dey vex for me	negative
pcm_train_00200	i just remember say i never wash my visitors toilet since january god abeg oo the day dem go use me clean the seat i no go fit snap evidence	negative
pcm_train_00201	im broke im broke where una dey see this money its all fun and games until you are piggyvest broke	negative
pcm_train_00202	na una bad belle no make me find love for abuja	negative
pcm_train_00203	this days you no fit actually differentiate who actually get money and who dey broke true true all of una dey use una papa catch cruise	negative
pcm_train_00204	omo if by next week i start dropping motivational quotes abeg send me money cuz e don happen e get the kind balance wey i see for my account now e fit cause depression	negative
pcm_train_00205	the boys sef na superhero kinda series ‍️ na for yrs old na	negative
pcm_train_00206	please oooo dehkunle help me ask uncle walter wetin i do am wey make am block mecox me self i no understand wetin be the problem	negative
pcm_train_00207	person wey tell me say school na scam them don call am out as best graduating student	negative
pcm_train_00208	abeg if we win wetin go happen no make me vex oh	negative
pcm_train_00209	make the world just end if e wan end abi which wan is this hell lite we are currently experiencing in this part of the world like ds	negative
pcm_train_00210	abegi where una d see boy friend wey d assist una financially na cos i am tired of all this broke ass niggas that never appreciate the little you give and they will not give	negative
pcm_train_00211	na me this house wan kill with work any small thing tiles don dirty i will run away to go and get strength to clean you	negative
pcm_train_00212	the day you line trip off na that day nepa dey leave light for hours come make you dey feel like jonah of the adugbo	negative
pcm_train_00213	who sabi sabi no worry he no fit break god bless the heavenly ones mothers day	negative
pcm_train_00214	invite him to come over‍️ kiss him play with him hug him cook for him to eat wen he is about leaving look him in his eyes tell him how much u love him den give him k for transport hr later call him to know if hes home den surprise him with airtime	negative
pcm_train_00215	dis goes show d level of maturity n intelligent of feminine folks i respect una seriously d wife in question knows her husband n she is happy with d beautiful things in life dat comes with it which i respect her for it take a look at baba wife nah see glowing now gives a	negative
pcm_train_00216	mum was talking to someone about my business and she was hyping it so much that even me sef i come dey wonder whether na this same business i dey do so happy mothers day	negative
pcm_train_00217	debonairs gtgtgtgtgt dominos so na wetin una dey enjoy for this lagos	negative
pcm_train_00218	na arsenal dem dey do like dis go lingard make my fpl smile	negative
pcm_train_00219	see as my ticket just dey burst anyhow people con dey wonder why i no sure again sport betting is damn hard	negative
pcm_train_00220	e dey always taste like paper and e no dey get oil	negative
pcm_train_00221	i toast u and u say no u ask for money i say no or i didnt respondu con dey vex no b persin wey gain add mission dey pay sch fees ‍️‍️‍️ oya u self reason am nah	negative
pcm_train_00222	garri was before we dey complain just now this mama call am i wan cms to eko hotel na now takeaway plate wey be before na now meat for mama put don dey sell for i no fit drink coke again but we still dey country think am na you mf	negative
pcm_train_00223	life no cheap for akure again o abeg make una dey try pity us	negative
pcm_train_00224	so wetin i go use my data dey do as they don ban twitter unfortunate government	negative
pcm_train_00225	ok oh na like this oh like play like play until e reach everybody na this kan rough play i dey hate ohh some of the technology are made in china but u see all this deadly diseases is only made in china where exactly was the world wronged china	negative
pcm_train_00226	i dey find goal for arsenal game arsenal win another dey find for game wey dem never score goal	negative
pcm_train_00227	i dey hate when too much seeds dey my weed no be beans i dey pick na on top blaow again	negative
pcm_train_00228	seeeee ehn the small small ones on my face gan e dey affect my self esteem i sincerely feel for them i fit ment	negative
pcm_train_00229	i don go do blood test dem say na typhoid won kill me	negative
pcm_train_00230	tb joshua no fit die now na wetin dey happen self this cant be true o	negative
pcm_train_00231	i just dey do boss boss for one small boy for twitter until the boy said he was i wan mend am slap wey go cause headache fat cow back head be like elephant ponmo fucking years older	negative
pcm_train_00232	this picture funny die con be like say dem collect biscuit for hin hand	negative
pcm_train_00233	no dey disguise again i con dey think say na ugly pesin you be like me	negative
pcm_train_00234	na person wey get money dey cuddle nice one sapa	negative
pcm_train_00235	adda inna i checked una tickets ooo my chest dey pain be like say na aero	negative
pcm_train_00236	na because of people like una una zombie president use pursue twitter	negative
pcm_train_00237	ahhh u still wan fight people wey sleep their house sef dem dey go kill themabi u don quick forget lekki toll gate level u still get strength to fight	negative
pcm_train_00238	dfkm abeg na normal size books na i have like uncompleted ones sha they no sweet	negative
pcm_train_00239	shame is catching me to confess i once crushed on a big time oleeee she could do no wrong in my eyes until i heard d story how she was tearing race after bubu for airport tarmac after elections na den ma eyes open thank god buhari no be small spirit sef imagine	negative
pcm_train_00240	up on the wahala wey nigeria get now na concerned nigeria government one word for buhari and his cabinet like lai muhammad	negative
pcm_train_00241	it has been three month i havent had yam ofada rice vsop in fact good food sapa dey if you see me na cereals you dey see	negative
pcm_train_00242	olá u want to de fall my hand ooo abeg u with god name no de mention that guy name near me again na abeg na	negative
pcm_train_00243	abeg shey e dey pain u ni or e dey pinch u ooja werey lara je pele dear stop crying	negative
pcm_train_00244	people out here already getting second dose of vaccines and im still here hunting down first dose dem say dem no gems dey give again please epp anybody knows anywhere in lagos i can get the first dose of covid vaccine please kindly refer	negative
pcm_train_00245	but this guy is fine sha e con sabi snap again	negative
pcm_train_00246	where do u buy ur longrich toothpaste abi una no wan carry better toothpaste brush una teeth with longrich toothpaste say good buy to teeth extraction and pains toothpaste g = g= delivery available n lagos	negative
pcm_train_00247	these people just dey enjoy for amawbia site mehn no wonder dem no wan make i show since ‍️ see better local kitchens chilled drinks n all	negative
pcm_train_00248	i don dey fall in love with another person ke god help me abeg boboyen yen cute gan ni nau	negative
pcm_train_00249	lol face go chop till e die no worry im not even talking naija food ️	negative
pcm_train_00250	i fit elbow person pikin this night abeg no near me i dey provoke	negative
pcm_train_00251	everyone is but me the one wey dey pain me pass na that morning parade they way dem dey wake people up they way dem dey shout on top people head	negative
pcm_train_00252	stop eet na so una shout detty detty detty last year turn horror movie lets just enjoy this december in peace and look forward to a better recession dey already sef	negative
pcm_train_00253	one problem i don get since primary school i no dey hear word and i dey chop indomie sef e no do chop again wahala for who dey chop beans that time o	negative
pcm_train_00254	aa i dey like this i don comot my hand for anything virtual betting	negative
pcm_train_00255	pesin go dey save but money go dey leak	negative
pcm_train_00256	wahala dey i don forget which department i dey and its like asuu will call off this strike tomorrow	negative
pcm_train_00257	abegii make dem run tests sharply make we no go dey hear another case of weda na zoonotic disease or not	negative
pcm_train_00258	its icons not minding their business for me i hope they wont drag laycon into this nonsense now ‍ while we are here celebrating youre going to step on a sleeping dogs tail i don tire for una sef ‍	negative
pcm_train_00259	omo this one don pass horror film o ‍️‍️ if na rough play stop am abeg see fante na	negative
pcm_train_00260	how will i tell my keeds i gained admission in and resumed university in them go con dey look me say i dey lie say i write jamb more times	negative
pcm_train_00261	come ooh na every match ronald koeman go dey start pedri why pedri go come chance rigui puig just like dat make this our coach know make me dislike pedri ooh	negative
pcm_train_00262	im telling u like this very painful u cant listen to some songs anymorego just dey skip the thing dey go	negative
pcm_train_00263	we sha turn up if chance dey ooobut then plenty ppl sorry men in the comments section are not singu na knack dem dey find holy ghost ‍️‍️‍️	negative
pcm_train_00264	small sickness i don dey chop like thief o wrong na	negative
pcm_train_00265	imo i dey follow one babe talk yesterday my head just dey pain me like pretty babe no go dey smart rara	negative
pcm_train_00266	im in that position right damn now something i hated with passion not seeing myself do it in a million years guess what na im i dey do now god help me pls	negative
pcm_train_00267	de gea that free kick was like that dude said wait hol up yoh degea hold ma beer im crying now my wey i for use go buka chop just waste this afternoon so manu don collect	negative
pcm_train_00268	when i dont have money i no dey at peace na why i dey sleep	negative
pcm_train_00269	go just dey flex and even vex for us ontop our money wahala for who no get big brother oo	negative
pcm_train_00270	na joke oo wetin i wan do with +	negative
pcm_train_00271	i always dey pity for some people wey dey talk say them no fit dey fear god make them still dey fear human being like them ur name nah sorry them go chop yah raw flesh you don see where wife they tell husband say nah me dey behind your brokenness	negative
pcm_train_00272	as paul pogba dey train bruno fernandes dey hail am real dey recognize real	negative
pcm_train_00273	na this kain content i dey like sign for	negative
pcm_train_00274	bro e done tal i dey wait for you ️ thank god sha dis brush my head sha go play my guy e get why	negative
pcm_train_00275	seeing as rice cost for market i just dey admire that bag of rice wey dey there god bless you for your support blessed is the man that giveth than the one that taketh may gods blessings and grace be upon you always	negative
pcm_train_00276	but wait on magbe with said ki eba toh jina kan le dada ori na la ma ti ro but dem no dey turn eba ontop fire i wish say na ki amala toh jina dada ori na la ma ti ro would make everything meaningful but i love you like that	negative
pcm_train_00277	like play like play e don almost reach a year wey i go watch football for viewing centre trading ₦ for gb and above	negative
pcm_train_00278	how far omo ologo we dey argument background like this ooo safe your boi i beg just simple question i beg how round you fit do cause me don put my client nunber on top you say you fit do round with nice tone	negative
pcm_train_00279	omooo which soap dey use baff na baba has been on hits for the past few months now ive not recovered from cash app baba gave me triumphant im still tryna recover from that boomfade wan kee me	negative
pcm_train_00280	hell yeah im a straight up amazing person mixture of craze intelligence and the love of christ why wouldnt i love me plus i never see person wey dey ever ready to improve on themselves like me ️	negative
pcm_train_00281	youth corpers like us na na only naira dey rush us	negative
pcm_train_00282	lowkey when i dey high school and teacher beat me i no dey cry bcos them no fit flog reach folashade e be like she go school of flogging	negative
pcm_train_00283	boys dey hospital dey work salah meat just dey pass patient come and join me doctor me im fine maam thank you	negative
pcm_train_00284	fine boys like us we no dey too rush malaria like that na malaria dey rush us	negative
pcm_train_00285	me yayi zafi ina ruwanka kuma e no concern u e no concern u abeg stop bn a cule pls	negative
pcm_train_00286	unilag student like us wey they stay for hostel we no too dey form na bedbugs rush us ‍️‍️‍️	negative
pcm_train_00287	na lie sef i no dey do again i don see that your picture you go just make me feel inferior	negative
pcm_train_00288	lol me na those advert dey vex me pass	negative
pcm_train_00289	na dem dey rush us was written by inspired men of god even the bible confirmed it long before we were born	negative
pcm_train_00290	please help us have the fun too na we just dey god dey our side for here	negative
pcm_train_00291	but i really like the zobo i drink na god dey save pesin sha	negative
pcm_train_00292	be like say na dem dey rush us o	negative
pcm_train_00293	era for slayqueen don chill na level now make we sef do our shakara till this year end na pana all my guys out there fine boyz like us	negative
pcm_train_00294	i want to slide in this girls dm on ig but she has like followers abeg how una dey do am me wey i no get yarns i give up	negative
pcm_train_00295	the way wey slippers go cut for this lagos ehn israelites slippers dey learn work for where we dey person go waka come dey kick stone like ronaldo wey wan play free kick	negative
pcm_train_00296	this same pepe wey dey do anyhow against man u see now ehn the defeat kon dey pepper me ehn like say e just happen	negative
pcm_train_00297	she didnt even come with her nigga she just looked uninterested and na dem dey trip for the boy pass	negative
pcm_train_00298	e don happen again o olosho don steal iphone pro max wey my guy borrow	negative
pcm_train_00299	this ppl hand sef no good if dem no steal am e go break or lost	negative
pcm_train_00300	oluwa sky blue water blue wetin dey bloomate wetin dey halt wetin dey do like this like that for my chest	negative
pcm_train_00301	some people will see you drinking water and be like bros make me sef drink water na theyll see you eating bros make me sef chop too youll be breathing and they will ask you to buy oxygen for them to breathe too guy chill tf out na	negative
pcm_train_00302	oga banks wetin dey occur na the day wey i go sleep early make i wake by you post in play for today again you shift am to i offend you	negative
pcm_train_00303	romance without finance is nuisance abeg imagine dating someone who cant call you and ask you to take two weeks leave so you guys can go on baecation poor people have no need looking for love abeg carry person daughter dey soak garri	negative
pcm_train_00304	omg this kind next level wey we dey for this nigeria e too much mcb don reduce one year oo now na three years course	negative
pcm_train_00305	lmfaooooooooooooo na why church dey tire me rich person testimony dey different always different from broke person own	negative
pcm_train_00306	lol really though why una always dey give us middle finger for your pictures na we offend you	negative
pcm_train_00307	oluwa wetin dey happen for netflix dem go use am sub their exestweets like if i had stayed with that one maybe thats how i would have ended	negative
pcm_train_00308	wetin push me go do this kind work na biscuits bone remain abeg i no do again tanigbolaamos please help tag until they see this visual siscobowzfilms	negative
pcm_train_00309	abroad ko abroad ni my account be looking like a hr clock if it was to be an airtime sef i cant even say hellohow far na me abeg call me back	negative
pcm_train_00310	sanwo olu ti aláro ba nipe o ma da fun e alalé o ni je ko da fun e in fact awon mejeji o le agree ko da fun e sef you fucking cunt	negative
pcm_train_00311	sha said im sorry na okay im still sorry	negative
pcm_train_00312	epele jor youll be fine im sure person like you wetin you want burn flesh no dey anywhere oh you want to turn to spaghetti	negative
pcm_train_00313	this is current situation i dey like this if i mistakenly jam egg seller na beat dem go beat me nothing go comot my pocket	negative
pcm_train_00314	you de like person wey de stuffer from ebola sorry you be like wetin ebola de suffer from	negative
pcm_train_00315	lol i don forget na years ago no vex	negative
pcm_train_00316	body hot like rihana na na kimani kill e show wah you into i want to really know	negative
pcm_train_00317	dis woman just dey fine everyday i hope baba still dey chop ur work well	negative
pcm_train_00318	abeg yoruba is a beautiful language and na curse dey sweet pass	negative
pcm_train_00319	make una come buy wetin we dey sell oh kindly help rt also for our customers on your tl	negative
pcm_train_00320	nothing is more beautiful than seeing ur woman with no make up in one of ur best tee shirts or polo thats too big for her rocking it with one super killing bumshot doing kuruukeree ur side god waytin dey encapsulate na god make e circumnavigate reach me too na	negative
pcm_train_00321	happy birthday bro god shall continually enlarge your coast after the order of jabez in the name of jesus i no far from you na i dey igandoikotun anytime we fit link up	negative
pcm_train_00322	me i don send out deliveries already i dey bed dey enjoy ac come let me employ you to be frying puff puff	negative
pcm_train_00323	as u talk say u de support man utd i com de feel say dis beauty went to the wrong person its all love thoo	negative
pcm_train_00324	omo na true oh money wey him borrow me he dey collect am back	negative
pcm_train_00325	hello na she be this na sha wan spoil the trend	negative
pcm_train_00326	im really sorry im used to keeping to myself and my guys shey u even rejected my j when i gave you last last sha na me fuck up sorry	negative
pcm_train_00327	as dis mfs wey on the field wen my boiz came to town years back hope u remember the goals bashings back to back sha	negative
pcm_train_00328	you people are cheap niyen o una done dey forget our best boss you done even give hin title out in less than month	negative
pcm_train_00329	e con be like say we wey never invest in bitcoin no get plan for our future ‍️‍️‍️‍️ i dey wait make he reduce na to sell my pops land go invest but dis thing just dey rise like yeast	negative
pcm_train_00330	nawa o must i buy everything ni why are you people not nice na book i wan read i no kill person and i no get money ‍️edakun	negative
pcm_train_00331	dem don carry lolade go date she no de pick my call again naso life be	negative
pcm_train_00332	just reread this and it sounds weird please im saying im learning work where kemi dey abeg	negative
pcm_train_00333	na like league dem go dey na we dont hate them like that na just one more year make dem fight relegation small	negative
pcm_train_00334	the way dem go drag this guy this season ehn sometimes it is players wey dem don too rate like this that makes that messi not playing in the epl argument kinda valid loool	negative
pcm_train_00335	leave your fathers house leave your fathers house okay now i enter market spent more than k na leather way no full na him i come back with which kind wahala bdis	negative
pcm_train_00336	i said thesame thing but e be like i no come sabi wey i dey talk	negative
pcm_train_00337	walai i go pour salt inside all these generators e be like people wan dey compete for ment inside my compound wetin be all these noise ffs	negative
pcm_train_00338	brothis is the first time you replied a tweet properly e be like say your na only evening your head dey function	negative
pcm_train_00339	its not even bout nose mask dem don dey run am since na worse dem go sit for seat in front of you backing you with their extensions breeze go now finish work ‍️ for people like us that dont do breakfast before work hay god stomach go turn person till e drop	negative
pcm_train_00340	wait oo make e no be say this gl dey one corner dey carry us catch better cruise with him bf oo	negative
pcm_train_00341	ọmọ una sure sey dem no suppose dey send these kind people go kirikiri once once cos omooooooo	negative
pcm_train_00342	wahala be like broken condom e don leak	negative
pcm_train_00343	wetin this one dey try talk how person wan understand anything like this	negative
pcm_train_00344	lmao wetin don dey occur for christian twitter	negative
pcm_train_00345	the one i had that generated the malaria inside me im still battling with drip + injection currently maybe na god dey punish me sef god biko free me i wont do it again for the main time	negative
pcm_train_00346	something light to water your tongue this sunday afternoon air fried chicken of destiny ️ im tempted to use it to sell lunch tomorrow sef but o premium sha please take one and pass to your neighbor jarey o my dear life is too short not to chop better	negative
pcm_train_00347	im in this location right now god i can feel the music in my heart and e dey sweet mee	negative
pcm_train_00348	be like my belle don dey big osmall enjoyment	negative
pcm_train_00349	omo i say make i tell una say na now i just dey reach we thank god for journey mercies	negative
pcm_train_00350	me na ur die hard fan not only because of ur songs way dey give me joy️ but u be my namesake abdulrazaq me no want giveaway at all i did dis cover the love i have u and all i want is from u thank you	negative
pcm_train_00351	wish you all the best david one of the finest ever reliable baller ever seen alaba mr workaholic na man you be how i wish u stay a bit further why madrid again na city dem suppose sell am go na naso we give dem kroos dt yr	negative
pcm_train_00352	i be repentant thief oo the meat wey i dey steal for pot i don repent since bless your boy sir	negative
pcm_train_00353	aje baba table water from to malt from to na rich man dey chop beta food now when i go blow to take care of people god when	negative
pcm_train_00354	the guy wey dey flog am no try this na joke compared to wetin him do the woman na	negative
pcm_train_00355	dem don comot me for groupchat cos i talk good ebening	negative
pcm_train_00356	this na wetin you dey call small matter ehn tell me na how the political journey of one person for kubau wan take affect the rest of us for nigeria positively tell me o make everybody get out jare	negative
pcm_train_00357	those of una wey don experience dragging for this app how e feel because e be like say my own don dey load based on my last tweet	negative
pcm_train_00358	una no tell me say na like this this ulcer thing dey be oh i just ate big plate of eba now now and e still be like say nothing don enter my belle heyyyy god wetin be this	negative
pcm_train_00359	as this country is going e be like god don comot hand from anything wey concern nigeria cause whats all this sad news everyday	negative
pcm_train_00360	just remember that my neighbour got pissed that in his absence his wife paid their bit to recharge the prepaid meter over the wend egoistic men like this disgust me you dey vex say your wife dey pay bills something wey i go come back buy thank you dinner for her	negative
pcm_train_00361	shitttttttt tried to clean my ears with an earbud and i think i pushed the wax further in my right ear don deaf oo abeg where the doctors for my tl im panicking	negative
pcm_train_00362	wahala for who no dey read before e like oo	negative
pcm_train_00363	the light at the end of my tunnel be like ungun known men don vandalize am since i don dey this tunnel i no see light	negative
pcm_train_00364	i used one of your atm gtb for ekenwan road benin city branch withdrawal today i was debited and didnt get paid i still havent gotten a reversal till now abeg make una reverse my k nor be for this kind economy person dey lost k	negative
pcm_train_00365	the amount wey betking and sporty don chop for my hand i still nvr win one game like this since this year	negative
pcm_train_00366	how una dey do this love thing sef bcs me i don tire laidis	negative
pcm_train_00367	burna said com make i give you gist only for him to ask his enemies whens the last time somebody did like dis so bc its since it only means baba don waka many odogwu	negative
pcm_train_00368	with the way things dey go for this country eh i am very very scared no security no job no comfort no peace nothing nothing wtf is going on in this life sef abi angel gabriel should just blow trumpet now sef make the world kuku end mtchewwwwww	negative
pcm_train_00369	but if na man dey touch woman like that na harassment	negative
pcm_train_00370	see as the guy bin dey give us that hin mumu smile like tony umez	negative
pcm_train_00371	this shawarma no be wetin my belle won chop ooooo	negative
pcm_train_00372	e con be like say i no wan serious with my life again	negative
pcm_train_00373	celebrate me now when i dey alive appreciate me now when i dey alive no be say when i leave this life you go dey fake am for my back	negative
pcm_train_00374	lol even at this point buhari twitter defenders don tire e don dey spoil beyond wetin anybody fit defend	negative
pcm_train_00375	ịdị correct dey learn better ones o know say na bad bad ones go dey your head	negative
pcm_train_00376	e go dey like play till e happen	negative
pcm_train_00377	na ment this bros send me eflier of how to attract the right partner e never reach like this o e never reach make i dy pay for such webinar	negative
pcm_train_00378	you people are wicked i say make una no retweet that tweet but na then una know where the retweet button dey when i talk something wey make sense retweet go dey slow like naija antiinsurgency fight na wah	negative
pcm_train_00379	abeg i wan marry you na you look superb lyk this	negative
pcm_train_00380	im not even bothered again sef todays discovery just made me realise im actually doing something great	negative
pcm_train_00381	where una dey see this love make una remain small dash me na	negative
pcm_train_00382	you need a house help please hire me i don tire to de do nothing i wan work i go do am	negative
pcm_train_00383	imade cut small soap for me and tell your daddy to please send me the nylon of his soap wey he don use finish i go put am for water make e foam small	negative
pcm_train_00384	gets paid £ naira a week bros abeg sir no cut soap for me na that k£wen dey on top make i dey collect every month	negative
pcm_train_00385	i tried to clear small bills in our house today d last one i did i tell my mama e be like say e don choke ooooo na so this woman send me money right here on this chair aunty toyin god bless u	negative
pcm_train_00386	to everyone building house plus building engineers please give us the contract to supply sachina bricks and tiles for you na beg we amagoz tiles and bricks dey beg una when you come across this tweet please retweet it our next clients are among your followers	negative
pcm_train_00387	you are all that i want girl more precious to me than diamonds and pearls just like a star you light up my world the way i feel inside e always on my mind e e and i cant get over you girl cos you got me so confused you got me in the mood and you make me feel brand new	negative
pcm_train_00388	congrats agbawo abeg cut soap for me this bills dey choke me even if na once	negative
pcm_train_00389	i hope can still remember all his tracks he don sing too much song abeg that man na legend aswr	negative
pcm_train_00390	na the body spray and perfume be this oh container don land make una pardon my video quality	negative
pcm_train_00391	so because your boyfriend give you small attention today you don forget me the funny guy no be so them dey do things o but lola kumfayakun e ma pada je breakfast	negative
pcm_train_00392	everytime i see this girls tweet im like werey sheyav tweet nonzenz once again e no dey ever get head rara and na chimmy best girl o	negative
pcm_train_00393	omo the way some customers go rude to you eh i just dey here dey collect raking person wey i fit beat on a very good day but i dey beg	negative
pcm_train_00394	see as person dey miss better airdrops because of phone abeg who get android phone wah no dey in use	negative
pcm_train_00395	wtf imagine this bastard wey him head no carry glory dey spit shit we don exile you for street tori street won ma fvckee up	negative
pcm_train_00396	na these women ụna wan give gun ellah cynthia blessing for don kill me since	negative
pcm_train_00397	we be like men for this life wey no fit relate but the don die	negative
pcm_train_00398	e dey do me like say my eye won comot i hate mondays	negative
pcm_train_00399	na this kain bruh wey i get dem never like my progress	negative
pcm_train_00400	this thing wey we dey take joke dey pain us person just need to laugh it off ni	negative
pcm_train_00401	i go leave betting for una if this odds no play don baba please balance my account because betway don finish me patapata	negative
pcm_train_00402	person go dey waka on road na oppression left and right person go sleep na oppression i day see inside dream person go come twitter to cruise na another round of oppression again kinlode bayii nau take it easy on us edaakun	negative
pcm_train_00403	this fake life has finally land me into trouble when i think say we dey plenty for single life omo everyone don sort them selves out sha dey con dey use the singu life we gather dey before dey mock me	negative
pcm_train_00404	na why i dey ask abuja when they fit cheap like this	negative
pcm_train_00405	wait ooo does it means that don scam me true true still my k the their betting app ah for this today nigeria wey hard like this chai who send me sportybet well don shebi na me	negative
pcm_train_00406	ha youre mean its ok no be your fault na origi wey no gree score one on one against burnley	negative
pcm_train_00407	its now common among young people if u try to correct someone from doing something bad heshe will be like mind your business over sabi bla bla if we continue like this gaskiya problem go dey i dey pity our generation	negative
pcm_train_00408	let me state this if you give me two miss call ill call back three miss call dont bother expecting me to call back five miss call i will block you una go dey call person like say una kidney dey my hand	negative
pcm_train_00409	my stew burn on top say i won engage una post and still una go still dey air my posts experience nah good teacher	negative
pcm_train_00410	i think i get you now you guys have started rd semester of preclinics omo una welldone io bhet marathon shotgun for two weeks is not good na abi how did they even break your course for multiple lecturers sef i can feel your pain now	negative
pcm_train_00411	i hate coming to ilorin esp this tanke area you must go broke before leaving how much person get sef wey i they spend like i don make am	negative
pcm_train_00412	this lagos will nuh be the end of somebody e dun tey person chop better food belch	negative
pcm_train_00413	wahala dey o my girlfriend say na she dey lead praise and worship for her church on valentines day and dem dey do vigil till monday evening abeg shey na lori iro or i should calm down	negative
pcm_train_00414	omo job hunting go humble you you go just dey greet everybody good morning sir im fine ma alright sir thank you ma the banks wey i go this morning i don waste my sir and ma on top their heads	negative
pcm_train_00415	i don find a good tattoo guynah money for the tattoo i dey find abeg nah help a sister help me retweet guys	negative
pcm_train_00416	im trying to write my brain is singing i see i saw na like this i wan take graduate	negative
pcm_train_00417	so i cant visit my village in peace rat don chop my new earpiece wahala dey for who still use earpiece	negative
pcm_train_00418	you people have mind to even check statement omo heart dey cut me because of the plenty red letters i dey see for there e con be like dem dey grind pepper for my statement	negative
pcm_train_00419	hunger dey where i fit see amala chop like this	negative
pcm_train_00420	na daredevil dey vex me dey form born again christian	negative
pcm_train_00421	my name is wunmi and i am happy to bring to your notice that you should buy makeup i deh sell well to people i come even deh give freebie sef so why some of una deh say i will get back to you‍️ lori iro i am available to take orders now oo	negative
pcm_train_00422	lmao you gat me bah joksss no kee me with laugh abeg babe see ehn lemme brag sef im too expensive to do gbam	negative
pcm_train_00423	god bless you una don dey blow me gradually	negative
pcm_train_00424	person wey we meet that year i even give am k to settle security as baba no hold cash for hand when he won dey move thinking sey na investment till tomorrow otedola dey owe me k	negative
pcm_train_00425	got sick sometime last month i was told i had blood infection at the hospital now im getting sick again and im just scared my mum wont come inside my room sef abi them don quarantine me	negative
pcm_train_00426	person dey beg me for money because of tl joke part of the reason why im taking this social distancing and isolation seriously is because im very broke nobody should mock my situation this morning please	negative
pcm_train_00427	sneakers don cost well well for market no thanks to all girls na when una begin wear am the thing cost	negative
pcm_train_00428	how una dey even know all these year of production sef person go see fine car another idiot go come with na old model sef discouragement im tayad	negative
pcm_train_00429	lolpass to where bros better answer una just dey over hype the kind oba fit dey wonder where all the juju way una yall say him get dey	negative
pcm_train_00430	na china chop meat na we dey wash hand wahala no good day	negative
pcm_train_00431	se na like this we go dey dey e haaa don na like this we go dey dey e	negative
pcm_train_00432	because no wwe in nigeria e dey scrashhh dem for body like chloroquine without piriton	negative
pcm_train_00433	the great oracle i greet you with cowries its now obvious youre dodging me no wahala one day one early morning youll see me in front of your shrine we die there na dat day you go know say water don pass garri kontinu	negative
pcm_train_00434	one of my neighbors like this just imagine noise of gen wey dem dey use muscle on	negative
pcm_train_00435	this woman here dey cough like she wan cough out her lungs abegi oh me i don go inside	negative
pcm_train_00436	these people no go hear word e be like say dem swear for dem na so covid take start	negative
pcm_train_00437	successful aba nigga go loud am like mad u knw all dose china speaker nasounds so unpleasant dai kids are so lousy dem go jus de shout for yoruba ehn d others ones will be watching nollywood like say dem de mad mi am ready no sleep for d wicked i de feel d bass	negative
pcm_train_00438	don jazzy this is not fair oo lock down sef don hit ogun state bayi aiye ti paree ooo	negative
pcm_train_00439	nepa and people wey dey sell fuel too no wan help us no light and fuel pump is still at n playstation with junks go meet brain lidis	negative
pcm_train_00440	omo e just be like say man dem dey konji prison	negative
pcm_train_00441	e be like say nothing for me today o i don drop account details everywhr nobody dey see am	negative
pcm_train_00442	nah highlights goals dey make me dey shout like madman now ma neighbors don dey look me somehow	negative
pcm_train_00443	na me retweet una pass na i always retweet andor like whenever i come across your posts	negative
pcm_train_00444	which kind movie una send me go watch wey de make person cry abeg	negative
pcm_train_00445	in spain cases deaths recoveries naija please be safe your pastor and imam have a good house to stay without sharing anything with anybody una the ones wey dey share share	negative
pcm_train_00446	no dey do frontman when it concern fighting for right in nigeria‍ if u hear gbas gbos na oyo u dey ur supporter go talk say u no suppose talk like dat na there u go hear if na me address d issue e no go b like dat peele awon eniyan human right	negative
pcm_train_00447	upon all the evidence wen we dey see for social media baba still beli say na bomb and im the illiterate o say where are the fragments of the meteorite of to say na true meteoriteand im like but bro people already encroached on that field nowwe wont see it immediately	negative
pcm_train_00448	na wetin i no like to dey hear be this o business is business	negative
pcm_train_00449	this morning i woke up and decide to spy on twitter for some good new but no i was angry share money e nor reach me too share i still dey hope share the same story do too e nor reach me abeg who i offend	negative
pcm_train_00450	if i see am for road i go s drag am he say i don cum like wtf me wey no sabi anything	negative
pcm_train_00451	thank god you will pass through park corona will say hi hey even that place sef na where this virus fit spread for aba problem dey	negative
pcm_train_00452	prevention is better than cure but this lock down no go work because na wen man comot na him man go chop this post is for those politicians just like una gave us rice salt and made tshirt during campaign	negative
pcm_train_00453	im so terribly scared i might die a virgin shey na like this e suppose be	negative
pcm_train_00454	its not funny oo dem don remove the transformer sef carry am go	negative
pcm_train_00455	tbvh hard girls like us na only our pillow de know say we de cry when we do around u be proud of yourself already	negative
pcm_train_00456	na only moyo i see for my houseparty profile please me add me up where the party de happen im so bored	negative
pcm_train_00457	na that one dey pain my soul pass come be like say baba dey pay in advance make i just kuku rest ‍️	negative
pcm_train_00458	abeg be quiet you are not even the champion in your family your younger brother better pass you and i still beat am join who una wan call for me your ancestors go sabi play game na	negative
pcm_train_00459	as you no con like me now wetin con happen if you are not careful we go present buhari again in and e go enter una go protest and riot for twitter for day afterward una go rest	negative
pcm_train_00460	lmao i was suppose to use grater but the okro no gree okro too soft know i have a lot of it to chop i just use the hennessy as an energy booster boss e no easy	negative
pcm_train_00461	mans brought out clothes for hommie to help him wash i wan act like say i wan help wash am i know him go say leave am buh my village people fit cast me him go pack am gimme	negative
pcm_train_00462	make una dey look back before tweeting ooo because of ordinary covikk i said oga police come carry me for house oooimamofpeace e no go better for you	negative
pcm_train_00463	na anfileld dem disrespect like this that one even dey slide with him back	negative
pcm_train_00464	oti be like you know say you no get sense abi you no stan me wey be your room mate and you no promote my hustle but you dey stan celeb wey no send you abi if dem born you well reach this house ask me for food mek your celeb feed you heeeeeeeeeeoooooottttt	negative
pcm_train_00465	some girls go just carry period dey come guy house why if you dey on your period abeg no come my house i dont like what i hate gossipmillnaija mcedopikin samklef	negative
pcm_train_00466	guy even to sleep sef dey scare me imagine sleeping and your mind is still thinking if you washed your hands enough small headache last nite i don dey fear	negative
pcm_train_00467	that is the problem a lab in usa got a way to test corona virus within a space of minutes and we are lacking testing kits i will say again wetin una need na chisos	negative
pcm_train_00468	as i dey vex for e be like make i vex unfollow am self because of the anger of not doing my panic shopping yet and the lockdown in abuja is tomorrow	negative
pcm_train_00469	why na only guys dey like this my video since sha na the fine oxladies i post am for please abi i offend the ladies for this app	negative
pcm_train_00470	oau people e be like say all of una don enter express oooooooo egungun was not careful enough ‍️	negative
pcm_train_00471	e good ooo i hear say you don come back and i suppose con collect dubai gift oooo but unto corona you no fit see me i no fit see you shey make i send account number our account fit see ooo	negative
pcm_train_00472	bae called dis morning asking me to com spend de day with her but i told her i gad be work she said on an average day hw much do u make i told her to k aunty sent k to me saying she hav paid me for de day wit a bae lik dis y wont we leave in peace n harmony	negative
pcm_train_00473	wetin i fit tell don jazzy wey go make baba dash me money like this	negative
pcm_train_00474	see bah asides good health financial security is everything ive written down my list for panic buyingstock up with several adjustments to fit in with money in my account but its not just adding up oluwa wetin dey coronate	negative
pcm_train_00475	burna don buy am iphone e don proud buju to your ears	negative
pcm_train_00476	chairmo nah beg i dah beg increase ma acct balance ma me too dey count mula in zeros eh if i dey chop life too ee no bad i no kill pesin fada na nah beg i deh beg some people say no dey rush i look them like i resemble rush hour	negative
pcm_train_00477	lmao na law school abeg we don get marriage order ope first collins last	negative
pcm_train_00478	don jazzy don dey trend pass coro lol anywhere don jazzy say pim laidis comments section go bust ni donjazzy ma pa wa na	negative
pcm_train_00479	dangote is a learner na when even small diezani dey steal money wey pass the worth of dangote	negative
pcm_train_00480	i saw dis girlmy self esteem wen to i cantbut na money b fine bobo sha	negative
pcm_train_00481	your avatar looks scary tho im sorry your eyes looks dark like the demons i see in supernatural series dont get offended pls im just saying what im seeing	negative
pcm_train_00482	make we no marry girl wey sabi cook girl wey get good attitude cos na ball we won chop abii sir cody wolfe you are foolish	negative
pcm_train_00483	make una patronize me na i never chop for days now o why una de do me like this nah	negative
pcm_train_00484	they are nice beautiful till u wan marry demmoney u will spend is enough to buy lands and build houses then after u marry dem once dem born chai oluwa fatty	negative
pcm_train_00485	after my byte baba was like eyin office worker yi shaa e like adaje all dis office workers una like chop alone i was like ok take na if you want na so baba grab am oh i couldnt cry	negative
pcm_train_00486	lol sorry be like na computer true true wey ogadi and ovie dey play and somebody just kee me	negative
pcm_train_00487	guy you are wicked that kick fit don comot her womb like that o	negative
pcm_train_00488	gone are those days when we used to have rainy and dry seasons in nigeria now we have the e be like say rain wan fall season and the this heat wan kill person season	negative
pcm_train_00489	open the motel room toilet for midnight and you see two big fat cockroaches crawling out of the plumbing towel go stiff like wetin them starch the color sef go de confusing is it brown is it grey off white	negative
pcm_train_00490	when a babe tells you i dont care if youre bood up my guy just run because na wetin i wan do like this	negative
pcm_train_00491	it wasnt even direct and i dont talk to her im in pains talking about hes like my bro im not even a bro im like a bro my brain is even aching me	negative
pcm_train_00492	s e a s o n s ~ g r e e t i n g s thankful for sweet clients like you you made awesome	negative
pcm_train_00493	wetin praise band dey sing sef	negative
pcm_train_00494	like this like this ehh benin boyz no wan hear o dem say buhariust go oo any body wen see buharibmake e tell am ooo make e fit run for his life o	negative
pcm_train_00495	the way haruna insults me last night i aion fit wake am again	negative
pcm_train_00496	read this with keen interest thinking its going to make sense at the end wetin be this	negative
pcm_train_00497	people just dey like my poverty tweet anyhow oluwa wetin dey occur	negative
pcm_train_00498	the point wey i dey lead you i fit use am climb bike a liverpool fan to a chelsea fan	negative
pcm_train_00499	to dey order things for boyfriend from vendors now go dey scare babes make dem no go dey do bedmatics delivery	negative
